<xml xmlns:o="urn:schemas-microsoft-com:office:office">
 <o:MainFile
  HRef="../Load%20DynamiX%203108%205102%205108T%205108S%20Quick%20Start%20Guide.htm"/>
 <o:File HRef="themedata.thmx"/>
 <o:File HRef="colorschememapping.xml"/>
 <o:File HRef="image001.jpg"/>
 <o:File HRef="image002.jpg"/>
 <o:File HRef="image003.png"/>
 <o:File HRef="image004.png"/>
 <o:File HRef="image005.png"/>
 <o:File HRef="image006.png"/>
 <o:File HRef="image007.png"/>
 <o:File HRef="image008.jpg"/>
 <o:File HRef="image009.png"/>
 <o:File HRef="image010.png"/>
 <o:File HRef="image011.png"/>
 <o:File HRef="image012.jpg"/>
 <o:File HRef="image013.png"/>
 <o:File HRef="image014.png"/>
 <o:File HRef="image015.png"/>
 <o:File HRef="image016.png"/>
 <o:File HRef="image017.png"/>
 <o:File HRef="image018.png"/>
 <o:File HRef="image019.png"/>
 <o:File HRef="image020.png"/>
 <o:File HRef="image021.png"/>
 <o:File HRef="image022.png"/>
 <o:File HRef="image023.png"/>
 <o:File HRef="image024.jpg"/>
 <o:File HRef="image025.png"/>
 <o:File HRef="image026.png"/>
 <o:File HRef="image027.png"/>
 <o:File HRef="image028.png"/>
 <o:File HRef="image029.png"/>
 <o:File HRef="image030.png"/>
 <o:File HRef="image031.png"/>
 <o:File HRef="image032.png"/>
 <o:File HRef="image033.png"/>
 <o:File HRef="image034.png"/>
 <o:File HRef="image035.png"/>
 <o:File HRef="image036.png"/>
 <o:File HRef="image037.png"/>
 <o:File HRef="image038.png"/>
 <o:File HRef="image039.png"/>
 <o:File HRef="image040.png"/>
 <o:File HRef="image041.jpg"/>
 <o:File HRef="image042.png"/>
 <o:File HRef="image043.png"/>
 <o:File HRef="image044.png"/>
 <o:File HRef="image045.png"/>
 <o:File HRef="image046.png"/>
 <o:File HRef="image047.png"/>
 <o:File HRef="image048.png"/>
 <o:File HRef="image049.jpg"/>
 <o:File HRef="image050.png"/>
 <o:File HRef="image051.png"/>
 <o:File HRef="image052.png"/>
 <o:File HRef="image053.jpg"/>
 <o:File HRef="image054.png"/>
 <o:File HRef="image055.png"/>
 <o:File HRef="image056.png"/>
 <o:File HRef="image057.png"/>
 <o:File HRef="image058.png"/>
 <o:File HRef="image059.png"/>
 <o:File HRef="image060.png"/>
 <o:File HRef="image061.png"/>
 <o:File HRef="image062.png"/>
 <o:File HRef="image063.jpg"/>
 <o:File HRef="image064.png"/>
 <o:File HRef="image065.jpg"/>
 <o:File HRef="image066.png"/>
 <o:File HRef="image067.png"/>
 <o:File HRef="image068.png"/>
 <o:File HRef="image069.png"/>
 <o:File HRef="image070.png"/>
 <o:File HRef="image071.png"/>
 <o:File HRef="image072.png"/>
 <o:File HRef="image073.png"/>
 <o:File HRef="image074.png"/>
 <o:File HRef="image075.png"/>
 <o:File HRef="image076.png"/>
 <o:File HRef="image077.png"/>
 <o:File HRef="image078.png"/>
 <o:File HRef="image079.png"/>
 <o:File HRef="image080.png"/>
 <o:File HRef="image081.png"/>
 <o:File HRef="image082.png"/>
 <o:File HRef="image083.png"/>
 <o:File HRef="image084.png"/>
 <o:File HRef="image085.png"/>
 <o:File HRef="image086.png"/>
 <o:File HRef="image087.png"/>
 <o:File HRef="image088.png"/>
 <o:File HRef="image089.png"/>
 <o:File HRef="image090.png"/>
 <o:File HRef="image091.png"/>
 <o:File HRef="image092.png"/>
 <o:File HRef="image093.png"/>
 <o:File HRef="image094.png"/>
 <o:File HRef="image095.png"/>
 <o:File HRef="image096.png"/>
 <o:File HRef="image097.png"/>
 <o:File HRef="image098.png"/>
 <o:File HRef="image099.png"/>
 <o:File HRef="image100.png"/>
 <o:File HRef="image101.png"/>
 <o:File HRef="image102.png"/>
 <o:File HRef="image103.png"/>
 <o:File HRef="image104.png"/>
 <o:File HRef="image105.png"/>
 <o:File HRef="image106.png"/>
 <o:File HRef="header.htm"/>
 <o:File HRef="filelist.xml"/>
</xml>